,30-3,10-3,30-5,10-5,30-7,10-7
TDG,0.8611111111111112,0.6226415094339622,0.8848167539267016,0.671875,0.8823529411764706,0.5882352941176471
APTV,0.8588235294117647,0.5254237288135594,0.9322033898305084,0.45454545454545453,0.975,0.25
MA,0.8484848484848485,0.5797872340425532,0.8503937007874016,0.5698924731182796,0.8536585365853658,0.6285714285714286
MSFT,0.8390243902439024,0.6809815950920245,0.8248175182481752,0.6417910447761194,0.8602150537634409,0.65
NEE,0.8201058201058201,0.7083333333333334,0.859375,0.7333333333333333,0.9247311827956989,0.8571428571428571
VRSN,0.8167330677290837,0.6646706586826348,0.824468085106383,0.6984126984126984,0.7898550724637681,0.8461538461538461
CPRT,0.8075117370892019,0.6524064171122995,0.810126582278481,0.5853658536585366,0.819672131147541,0.5172413793103449
SO,0.8048780487804879,0.6139240506329114,0.7916666666666666,0.5625,0.7619047619047619,0.5769230769230769
PLD,0.7991452991452992,0.5962732919254659,0.8164556962025317,0.5409836065573771,0.7870370370370371,0.25
TJX,0.7894736842105263,0.5578231292517006,0.8181818181818182,0.391304347826087,0.831858407079646,0.3333333333333333
V,0.782608695652174,0.639751552795031,0.7785714285714286,0.5901639344262295,0.7692307692307693,0.625
AEE,0.7777777777777778,0.6744186046511628,0.7943262411347518,0.6349206349206349,0.797752808988764,0.6190476190476191
ACN,0.7729257641921398,0.6436781609195402,0.8108108108108109,0.5616438356164384,0.8217821782178217,0.4583333333333333
MCO,0.7727272727272727,0.6079545454545454,0.7628205128205128,0.5942028985507246,0.7363636363636363,0.5333333333333333
STE,0.7711864406779662,0.6790123456790124,0.7885714285714286,0.7419354838709677,0.8,0.8
AEP,0.7633928571428571,0.6536312849162011,0.8108108108108109,0.5853658536585366,0.8469387755102041,0.5
RSG,0.7583333333333333,0.6287425149700598,0.75,0.5,0.7372881355932204,0.5294117647058824
LNT,0.7564766839378239,0.6375,0.8440366972477065,0.625,0.9104477611940298,0.6666666666666666
AJG,0.756,0.6341463414634146,0.7741935483870968,0.6376811594202898,0.7835820895522388,0.6190476190476191
DG,0.7551867219917012,0.6428571428571429,0.7528735632183908,0.6956521739130435,0.736,0.7037037037037037
CRM,0.7536231884057971,0.5271739130434783,0.8041958041958042,0.5625,0.8585858585858586,0.6
MKC,0.7532467532467533,0.6149732620320856,0.7662337662337663,0.611764705882353,0.7821782178217822,0.575
ETR,0.7522123893805309,0.6871165644171779,0.7323943661971831,0.7611940298507462,0.711340206185567,0.8518518518518519
ILMN,0.7521739130434782,0.6089385474860335,0.7417218543046358,0.65,0.7291666666666666,0.7
ANTM,0.7490494296577946,0.6424242424242425,0.76,0.671875,0.7449664429530202,0.5882352941176471
FBHS,0.7471264367816092,0.6666666666666666,0.6896551724137931,0.7083333333333334,0.6842105263157895,0.8
CMS,0.7446808510638298,0.6758241758241759,0.7467532467532467,0.620253164556962,0.7549019607843137,0.6153846153846154
ADP,0.743801652892562,0.6538461538461539,0.7717391304347826,0.631578947368421,0.7972972972972973,0.5
JKHY,0.7427184466019418,0.5585106382978723,0.7808219178082192,0.5108695652173914,0.7745098039215687,0.45161290322580644
SRE,0.7420814479638009,0.678082191780822,0.7516778523489933,0.7192982456140351,0.7523809523809524,0.6923076923076923
ARE,0.7407407407407407,0.6182795698924731,0.7664233576642335,0.5730337078651685,0.7875,0.5333333333333333
CBRE,0.7401960784313726,0.7032258064516129,0.7291666666666666,0.7884615384615384,0.7264150943396226,0.9230769230769231
ALL,0.7385892116182573,0.5290697674418605,0.788235294117647,0.5285714285714286,0.8688524590163934,0.44
ISRG,0.7373271889400922,0.5853658536585366,0.7449664429530202,0.6476190476190476,0.7578947368421053,0.7619047619047619
MCD,0.7368421052631579,0.7428571428571429,0.7230769230769231,0.7763157894736842,0.6956521739130435,0.8888888888888888
MSCI,0.7364016736401674,0.6190476190476191,0.7257142857142858,0.675,0.7016129032258065,0.7407407407407407
ATO,0.7352941176470589,0.6352201257861635,0.7109375,0.6551724137931034,0.675,0.7333333333333333
NVR,0.7348837209302326,0.6956521739130435,0.7549668874172185,0.6842105263157895,0.7169811320754716,0.6875
ALGN,0.7343173431734318,0.5764705882352941,0.7638888888888888,0.47692307692307695,0.783625730994152,0.3157894736842105
AES,0.7339055793991416,0.6282051282051282,0.78125,0.7377049180327869,0.8362068965517241,0.7058823529411765
NI,0.7325102880658436,0.6,0.7100591715976331,0.5466666666666666,0.7008547008547008,0.6363636363636364
GPN,0.7314814814814815,0.634020618556701,0.7730496453900709,0.6774193548387096,0.8085106382978723,0.7692307692307693
COST,0.7302904564315352,0.543859649122807,0.7445652173913043,0.4925373134328358,0.7638888888888888,0.5263157894736842
SBAC,0.7298387096774194,0.558282208588957,0.7580645161290323,0.46875,0.8068965517241379,0.35294117647058826
CTAS,0.7298387096774194,0.6484848484848484,0.7371134020618557,0.5416666666666666,0.7564102564102564,0.45
PGR,0.7272727272727273,0.6416184971098265,0.7777777777777778,0.704225352112676,0.8270676691729323,0.8076923076923077
APD,0.7268722466960352,0.6568047337278107,0.7354838709677419,0.6060606060606061,0.7339449541284404,0.7058823529411765
DTE,0.726027397260274,0.6845637583892618,0.75177304964539,0.6909090909090909,0.7976190476190477,0.9285714285714286
AWK,0.7235023041474654,0.6586826347305389,0.7054794520547946,0.676923076923077,0.7428571428571429,0.7647058823529411
MRK,0.7227272727272728,0.6011560693641619,0.777027027027027,0.6521739130434783,0.8282828282828283,0.8695652173913043
VRSK,0.7215189873417721,0.6686046511627907,0.7529411764705882,0.7564102564102564,0.7723577235772358,0.7916666666666666
RMD,0.7206477732793523,0.5961538461538461,0.7128205128205128,0.5538461538461539,0.6928104575163399,0.5625
DOV,0.7204724409448819,0.6585365853658537,0.7172774869109948,0.7428571428571429,0.7338129496402878,0.9047619047619048
ROST,0.7202072538860104,0.6441717791411042,0.6934306569343066,0.639344262295082,0.6634615384615384,0.6
APH,0.7192307692307692,0.5549738219895288,0.73,0.4742268041237113,0.743421052631579,0.39473684210526316
RTN,0.7186147186147186,0.6145251396648045,0.7315436241610739,0.5974025974025974,0.7619047619047619,0.5652173913043478
AXP,0.7178423236514523,0.6050955414012739,0.7470588235294118,0.6481481481481481,0.788135593220339,0.7272727272727273
J,0.7168949771689498,0.5838150289017341,0.7515151515151515,0.5571428571428572,0.7952755905511811,0.5882352941176471
WEC,0.7136563876651982,0.711764705882353,0.7162162162162162,0.6486486486486487,0.711340206185567,0.7272727272727273
LMT,0.7131474103585658,0.6480446927374302,0.7039106145251397,0.5733333333333334,0.7121212121212122,0.6190476190476191
RE,0.711864406779661,0.47752808988764045,0.6949152542372882,0.4675324675324675,0.6788321167883211,0.55
GPC,0.7110266159695817,0.5371428571428571,0.7512437810945274,0.5375,0.7467532467532467,0.5769230769230769
ADBE,0.7102803738317757,0.6264367816091954,0.6896551724137931,0.5822784810126582,0.673469387755102,0.5172413793103449
VFC,0.710204081632653,0.7142857142857143,0.7329842931937173,0.8115942028985508,0.7569444444444444,0.8888888888888888
FB,0.7096774193548387,0.41379310344827586,0.7083333333333334,0.3333333333333333,0.6666666666666666,0.0
UTX,0.708,0.5771428571428572,0.7397959183673469,0.6052631578947368,0.7597402597402597,0.7586206896551724
EL,0.7079646017699115,0.6931818181818182,0.7388535031847133,0.72,0.7857142857142857,0.8333333333333334
PNC,0.7077625570776256,0.5621301775147929,0.7407407407407407,0.5753424657534246,0.7478991596638656,0.5357142857142857
FIS,0.7073170731707317,0.5738636363636364,0.6770186335403726,0.5,0.673469387755102,0.391304347826087
SPGI,0.705607476635514,0.6882352941176471,0.6956521739130435,0.7142857142857143,0.6703296703296703,0.7857142857142857
SHW,0.7031963470319634,0.564625850340136,0.6993865030674846,0.5964912280701754,0.712,0.6
HUM,0.7028301886792453,0.5412371134020618,0.7342657342657343,0.5444444444444444,0.7978723404255319,0.6551724137931034
TMO,0.7017543859649122,0.5449101796407185,0.6794871794871795,0.5333333333333333,0.6504854368932039,0.5384615384615384
LDOS,0.7008547008547008,0.5986394557823129,0.7116564417177914,0.5932203389830508,0.7168141592920354,0.47058823529411764
AME,0.69921875,0.558282208588957,0.6994818652849741,0.5625,0.7054794520547946,0.6521739130434783
NDAQ,0.6991150442477876,0.6939890710382514,0.6687898089171974,0.7472527472527473,0.6330275229357798,0.8181818181818182
FMC,0.6991150442477876,0.56,0.6987951807228916,0.5076923076923077,0.6916666666666667,0.4
LYV,0.698744769874477,0.6265822784810127,0.7235294117647059,0.640625,0.7394957983193278,0.4375
CDNS,0.6982758620689655,0.6271186440677966,0.6904761904761905,0.5694444444444444,0.6859504132231405,0.6
ES,0.6974789915966386,0.6688741721854304,0.6954022988505747,0.6833333333333333,0.7099236641221374,0.75
JNJ,0.6972477064220184,0.5795454545454546,0.7581699346405228,0.631578947368421,0.7663551401869159,0.5416666666666666
NKE,0.6972477064220184,0.6073298429319371,0.7152317880794702,0.7021276595744681,0.7358490566037735,0.7777777777777778
TXN,0.6946902654867256,0.6510067114093959,0.7393939393939394,0.7241379310344828,0.7647058823529411,0.8125
HIG,0.6944444444444444,0.6057142857142858,0.7222222222222222,0.6027397260273972,0.7428571428571429,0.6
XYL,0.6944444444444444,0.5818181818181818,0.6590909090909091,0.631578947368421,0.56,0.4
CINF,0.6942148760330579,0.5764705882352941,0.7471264367816092,0.6515151515151515,0.7615384615384615,0.8
C,0.6938775510204082,0.4294478527607362,0.7272727272727273,0.4307692307692308,0.7571428571428571,0.3333333333333333
HON,0.6937984496124031,0.5416666666666666,0.678391959798995,0.4186046511627907,0.6602564102564102,0.375
DHI,0.6927083333333334,0.6130952380952381,0.6935483870967742,0.618421052631579,0.7045454545454546,0.6538461538461539
AMD,0.691358024691358,0.643979057591623,0.7307692307692307,0.6288659793814433,0.7669172932330827,0.5555555555555556
EQR,0.6908212560386473,0.5493827160493827,0.6993006993006993,0.5,0.7127659574468085,0.5333333333333333
CE,0.6898148148148148,0.5502958579881657,0.7534246575342466,0.5303030303030303,0.7821782178217822,0.6
CAT,0.6891385767790262,0.5384615384615384,0.6782178217821783,0.5205479452054794,0.6666666666666666,0.5357142857142857
ANSS,0.6885245901639344,0.6683937823834197,0.6830601092896175,0.6808510638297872,0.6444444444444445,0.7105263157894737
LIN,0.6872037914691943,0.6,0.7185185185185186,0.5573770491803278,0.6746987951807228,0.6363636363636364
UNH,0.6853448275862069,0.5876288659793815,0.673202614379085,0.5697674418604651,0.6831683168316832,0.6296296296296297
FLT,0.6853146853146853,0.603448275862069,0.6907216494845361,0.64,0.7424242424242424,0.6666666666666666
ROK,0.6850393700787402,0.5348837209302325,0.6492146596858639,0.5522388059701493,0.6319444444444444,0.65
AMT,0.6833333333333333,0.6179775280898876,0.7176470588235294,0.6447368421052632,0.7338709677419355,0.8695652173913043
AON,0.6831275720164609,0.5694444444444444,0.6777777777777778,0.48148148148148145,0.6842105263157895,0.47368421052631576
ODFL,0.6830357142857143,0.6069364161849711,0.6666666666666666,0.6351351351351351,0.6216216216216216,0.7727272727272727
MSI,0.6820276497695853,0.6127167630057804,0.6802721088435374,0.5588235294117647,0.696078431372549,0.47058823529411764
RHI,0.6814159292035398,0.4875,0.7151515151515152,0.48484848484848486,0.7265625,0.38095238095238093
BAX,0.680161943319838,0.6646341463414634,0.653179190751445,0.7014925373134329,0.6504065040650406,0.6666666666666666
FE,0.6793478260869565,0.6056338028169014,0.6147540983606558,0.5689655172413793,0.5662650602409639,0.5625
HD,0.6778242677824268,0.5620915032679739,0.655367231638418,0.5370370370370371,0.6511627906976745,0.5384615384615384
IR,0.6772727272727272,0.5847953216374269,0.7088607594936709,0.6338028169014085,0.75,0.8333333333333334
CI,0.6771300448430493,0.5759493670886076,0.6834532374100719,0.5961538461538461,0.6703296703296703,0.6428571428571429
XEL,0.676595744680851,0.7028571428571428,0.6602564102564102,0.6891891891891891,0.65,0.7
BDX,0.6764705882352942,0.5443037974683544,0.7181208053691275,0.46153846153846156,0.7345132743362832,0.45454545454545453
KO,0.676056338028169,0.6602564102564102,0.6530612244897959,0.7377049180327869,0.6363636363636364,0.8095238095238095
WMT,0.6758893280632411,0.5949367088607594,0.7016574585635359,0.5263157894736842,0.7404580152671756,0.2
MAA,0.6754385964912281,0.6045197740112994,0.6932515337423313,0.5797101449275363,0.7130434782608696,0.75
AAPL,0.6754385964912281,0.7016574585635359,0.7073170731707317,0.7529411764705882,0.717741935483871,0.775
AVY,0.6735537190082644,0.6309523809523809,0.6982248520710059,0.6875,0.6991869918699187,0.65
IPG,0.6735537190082644,0.5168539325842697,0.6961325966850829,0.5569620253164557,0.7222222222222222,0.5652173913043478
PNW,0.672566371681416,0.6217948717948718,0.6870748299319728,0.65,0.7083333333333334,0.875
AMGN,0.6724890829694323,0.5517241379310345,0.7005988023952096,0.5432098765432098,0.72,0.5652173913043478
PH,0.672,0.4968553459119497,0.6612903225806451,0.4032258064516129,0.6549295774647887,0.3684210526315789
AFL,0.6714285714285714,0.5301204819277109,0.6388888888888888,0.4411764705882353,0.6057692307692307,0.3333333333333333
NVDA,0.6710526315789473,0.6292134831460674,0.6878980891719745,0.6410256410256411,0.6728971962616822,0.7391304347826086
FISV,0.6701030927835051,0.6190476190476191,0.6590909090909091,0.6086956521739131,0.6421052631578947,0.5454545454545454
L,0.6696035242290749,0.5112359550561798,0.6530612244897959,0.45714285714285713,0.6428571428571429,0.5333333333333333
AZO,0.668,0.4444444444444444,0.6963350785340314,0.4166666666666667,0.7241379310344828,0.5
SYY,0.6666666666666666,0.5287356321839081,0.6555555555555556,0.4507042253521127,0.6484375,0.3333333333333333
KSU,0.6666666666666666,0.5592105263157895,0.6602564102564102,0.5161290322580645,0.6238532110091743,0.47368421052631576
RL,0.6666666666666666,0.6353591160220995,0.694300518134715,0.6896551724137931,0.7379310344827587,0.7575757575757576
BLL,0.6666666666666666,0.6282051282051282,0.7108433734939759,0.5616438356164384,0.7457627118644068,0.37037037037037035
TFX,0.6653846153846154,0.5654761904761905,0.6282722513089005,0.5972222222222222,0.5869565217391305,0.7083333333333334
XRX,0.6653846153846154,0.4779874213836478,0.696078431372549,0.3283582089552239,0.7088607594936709,0.4117647058823529
PPG,0.6652173913043479,0.5535714285714286,0.6829268292682927,0.5285714285714286,0.7280701754385965,0.55
IDXX,0.6651982378854625,0.5759493670886076,0.6787878787878788,0.5666666666666667,0.7192982456140351,0.6363636363636364
ED,0.6650717703349283,0.6309523809523809,0.7142857142857143,0.625,0.7640449438202247,0.7
ORLY,0.6640926640926641,0.5304878048780488,0.6476683937823834,0.45161290322580644,0.6413793103448275,0.4117647058823529
ROP,0.6636363636363637,0.6707317073170732,0.68,0.7183098591549296,0.693069306930693,0.8695652173913043
INTC,0.6636363636363637,0.5875706214689266,0.6776315789473685,0.5405405405405406,0.6869565217391305,0.4
LHX,0.6635071090047393,0.632183908045977,0.6621621621621622,0.5774647887323944,0.6759259259259259,0.5652173913043478
UDR,0.6633165829145728,0.5460122699386503,0.6220472440944882,0.4925373134328358,0.6395348837209303,0.4375
A,0.6623376623376623,0.6287425149700598,0.6625766871165644,0.671875,0.6666666666666666,0.7647058823529411
ABT,0.6598984771573604,0.5833333333333334,0.624,0.625,0.5875,0.7142857142857143
JPM,0.6595744680851063,0.532967032967033,0.6312849162011173,0.5342465753424658,0.6176470588235294,0.5454545454545454
CHTR,0.6577777777777778,0.461038961038961,0.6770186335403726,0.4098360655737705,0.7008547008547008,0.3
NTAP,0.657439446366782,0.44970414201183434,0.668141592920354,0.4931506849315068,0.6781609195402298,0.5
STZ,0.657258064516129,0.5257731958762887,0.6648648648648648,0.5365853658536586,0.6666666666666666,0.56
WLTW,0.6566523605150214,0.5802469135802469,0.6303030303030303,0.631578947368421,0.6333333333333333,0.36363636363636365
SYK,0.6535087719298246,0.5786516853932584,0.7232704402515723,0.5294117647058824,0.7631578947368421,0.53125
WRB,0.652542372881356,0.73125,0.6432748538011696,0.8360655737704918,0.6333333333333333,0.95
ROL,0.6521739130434783,0.6198830409356725,0.650887573964497,0.5070422535211268,0.6614173228346457,0.4
PFE,0.652,0.6783625730994152,0.659217877094972,0.7246376811594203,0.6940298507462687,0.7647058823529411
OKE,0.6486486486486487,0.5416666666666666,0.6818181818181818,0.527027027027027,0.6788990825688074,0.625
ADSK,0.6482213438735178,0.5121951219512195,0.6596858638743456,0.47619047619047616,0.6618705035971223,0.6842105263157895
DAL,0.6468253968253969,0.547486033519553,0.6961325966850829,0.5121951219512195,0.7398373983739838,0.5161290322580645
MDLZ,0.6460905349794238,0.6494252873563219,0.6704545454545454,0.6716417910447762,0.6942148760330579,0.7894736842105263
CME,0.6458333333333334,0.53125,0.6534090909090909,0.47540983606557374,0.7076923076923077,0.4444444444444444
FRC,0.6444444444444445,0.49557522123893805,0.6881720430107527,0.48717948717948717,0.7288135593220338,0.25
PEAK,0.6431924882629108,0.5514705882352942,0.6554054054054054,0.5333333333333333,0.6326530612244898,0.625
DRE,0.6428571428571429,0.6013986013986014,0.6267605633802817,0.65,0.6274509803921569,0.6666666666666666
VAR,0.6416666666666667,0.5771144278606966,0.6404494382022472,0.5176470588235295,0.6870229007633588,0.4
NRG,0.6413502109704642,0.554945054945055,0.6227544910179641,0.5584415584415584,0.5948275862068966,0.5555555555555556
VRTX,0.6412556053811659,0.453416149068323,0.6878980891719745,0.4603174603174603,0.7094017094017094,0.42857142857142855
YUM,0.640495867768595,0.6648648648648648,0.6593406593406593,0.6931818181818182,0.6642335766423357,0.75
DHR,0.6396396396396397,0.5902777777777778,0.5923566878980892,0.627906976744186,0.6055045871559633,0.5714285714285714
CCI,0.6391304347826087,0.553072625698324,0.7083333333333334,0.5774647887323944,0.7786885245901639,0.5909090909090909
GWW,0.6387665198237885,0.5609756097560976,0.6047904191616766,0.6285714285714286,0.5714285714285714,0.7142857142857143
ORCL,0.6384976525821596,0.5657142857142857,0.6772151898734177,0.5974025974025974,0.7033898305084746,0.56
WM,0.6378600823045267,0.7383720930232558,0.5737704918032787,0.7941176470588235,0.5314685314685315,0.8125
ECL,0.6375545851528385,0.5804597701149425,0.5960264900662252,0.5882352941176471,0.5825242718446602,0.5833333333333334
TGT,0.6363636363636364,0.5696969696969697,0.608433734939759,0.6,0.5691056910569106,0.7142857142857143
SNPS,0.6359223300970874,0.5755813953488372,0.6111111111111112,0.6049382716049383,0.5887850467289719,0.6666666666666666
KMI,0.635593220338983,0.6136363636363636,0.6428571428571429,0.6666666666666666,0.6530612244897959,0.75
FITB,0.6351931330472103,0.5411764705882353,0.627906976744186,0.5616438356164384,0.6311475409836066,0.5666666666666667
IEX,0.6341463414634146,0.5878787878787879,0.6033519553072626,0.6027397260273972,0.5955882352941176,0.68
HCA,0.6339869281045751,0.6601941747572816,0.6416666666666667,0.68,0.6631578947368421,0.7
DFS,0.6333333333333333,0.5372340425531915,0.6601941747572816,0.5119047619047619,0.6875,0.4166666666666667
NFLX,0.6327433628318584,0.5668449197860963,0.6305732484076433,0.5875,0.6504854368932039,0.7307692307692307
MTD,0.6322314049586777,0.5348837209302325,0.6243093922651933,0.5128205128205128,0.6119402985074627,0.41935483870967744
CF,0.631578947368421,0.4785276073619632,0.6490066225165563,0.5409836065573771,0.6132075471698113,0.625
GL,0.631578947368421,0.5666666666666667,0.6602564102564102,0.5657894736842105,0.6788990825688074,0.5555555555555556
INTU,0.631578947368421,0.6223404255319149,0.5945945945945946,0.625,0.5619047619047619,0.6538461538461539
BKNG,0.6307692307692307,0.4157303370786517,0.6512820512820513,0.2535211267605634,0.6870748299319728,0.21739130434782608
ICE,0.6304347826086957,0.4659090909090909,0.6012658227848101,0.4457831325301205,0.5454545454545454,0.46875
TEL,0.6303317535545023,0.5823529411764706,0.6111111111111112,0.6142857142857143,0.5876288659793815,0.7857142857142857
MS,0.6302521008403361,0.5337078651685393,0.622093023255814,0.44285714285714284,0.6050420168067226,0.3888888888888889
LYB,0.6298076923076923,0.4485294117647059,0.6428571428571429,0.423728813559322,0.6466165413533834,0.47058823529411764
GRMN,0.6294642857142857,0.6490066225165563,0.5935483870967742,0.6612903225806451,0.5688073394495413,0.6363636363636364
FAST,0.6293103448275862,0.5411764705882353,0.6496815286624203,0.5223880597014925,0.6355140186915887,0.625
JCI,0.6284403669724771,0.5197368421052632,0.6711409395973155,0.45454545454545453,0.6915887850467289,0.5333333333333333
WCG,0.6270491803278688,0.547486033519553,0.6756756756756757,0.5783132530120482,0.7194244604316546,0.7586206896551724
PKI,0.6270491803278688,0.6284153005464481,0.6384180790960452,0.6216216216216216,0.6260162601626016,0.6666666666666666
CL,0.6267942583732058,0.6598639455782312,0.6503496503496503,0.6949152542372882,0.6354166666666666,0.7058823529411765
ETFC,0.624,0.42134831460674155,0.6276595744680851,0.39436619718309857,0.6170212765957447,0.2608695652173913
AKAM,0.6239316239316239,0.7,0.6419753086419753,0.7424242424242424,0.6551724137931034,0.8
TFC,0.6234309623430963,0.5106382978723404,0.6331360946745562,0.5384615384615384,0.6551724137931034,0.45
PHM,0.6233766233766234,0.6444444444444445,0.6257309941520468,0.6607142857142857,0.59375,0.8125
BR,0.6233183856502242,0.5459770114942529,0.5875,0.5526315789473685,0.5614035087719298,0.5294117647058824
KLAC,0.6228070175438597,0.6935483870967742,0.6153846153846154,0.6703296703296703,0.6132075471698113,0.7
FTNT,0.6213592233009708,0.5529411764705883,0.5918367346938775,0.5571428571428572,0.580952380952381,0.6428571428571429
MMC,0.6206896551724138,0.5568862275449101,0.6119402985074627,0.5205479452054794,0.6043956043956044,0.4
DLR,0.620253164556962,0.5163043478260869,0.6097560975609756,0.4805194805194805,0.5877192982456141,0.52
WYNN,0.620253164556962,0.5930232558139535,0.6494252873563219,0.6575342465753424,0.656,0.5555555555555556
SWK,0.6199095022624435,0.5838150289017341,0.6081081081081081,0.625,0.631578947368421,0.6666666666666666
SWKS,0.6198347107438017,0.5792682926829268,0.6420454545454546,0.5641025641025641,0.6771653543307087,0.5
VTR,0.6188524590163934,0.536144578313253,0.6397849462365591,0.5753424657534246,0.6618705035971223,0.5416666666666666
GS,0.6188118811881188,0.4258064516129032,0.65,0.3584905660377358,0.6831683168316832,0.38461538461538464
TSCO,0.6180257510729614,0.5808383233532934,0.6524390243902439,0.6142857142857143,0.6859504132231405,0.6086956521739131
PEP,0.6174242424242424,0.5609756097560976,0.6142131979695431,0.59375,0.6206896551724138,0.5454545454545454
CHD,0.6169354838709677,0.6303030303030303,0.6170212765957447,0.6363636363636364,0.6066666666666667,0.7142857142857143
DGX,0.616600790513834,0.5672514619883041,0.6145833333333334,0.5882352941176471,0.5833333333333334,0.65
TTWO,0.6157407407407407,0.6292134831460674,0.6301369863013698,0.6619718309859155,0.6732673267326733,0.75
BLK,0.615686274509804,0.5529411764705883,0.6391752577319587,0.5833333333333334,0.6357142857142857,0.6
ADM,0.6148409893992933,0.6114649681528662,0.6388888888888888,0.660377358490566,0.6453488372093024,0.8125
WAT,0.6147540983606558,0.5714285714285714,0.6144578313253012,0.5365853658536586,0.6509433962264151,0.2962962962962963
EMN,0.6147540983606558,0.5209580838323353,0.6264367816091954,0.5441176470588235,0.6370967741935484,0.5833333333333334
EW,0.614406779661017,0.6554054054054054,0.6217948717948718,0.6037735849056604,0.6372549019607843,0.8333333333333334
VZ,0.6143497757847534,0.5632911392405063,0.6258064516129033,0.532258064516129,0.5963302752293578,0.3333333333333333
GLW,0.6134453781512605,0.40804597701149425,0.6166666666666667,0.36,0.6176470588235294,0.35
EQIX,0.6130268199233716,0.5555555555555556,0.6071428571428571,0.5617977528089888,0.589041095890411,0.6296296296296297
GOOGL,0.6127659574468085,0.5380116959064327,0.5930232558139535,0.43243243243243246,0.5555555555555556,0.375
TROW,0.6122448979591837,0.5941176470588235,0.6120218579234973,0.5897435897435898,0.6461538461538462,0.6
ZBRA,0.6119402985074627,0.6198830409356725,0.574468085106383,0.6133333333333333,0.5656565656565656,0.6363636363636364
BSX,0.611336032388664,0.6060606060606061,0.6089385474860335,0.5774647887323944,0.609375,0.6153846153846154
NOW,0.6111111111111112,0.3333333333333333,0.4,0.25,0.3333333333333333,0.0
ETN,0.6103896103896104,0.5838509316770186,0.6047904191616766,0.6379310344827587,0.5701754385964912,0.5454545454545454
MKTX,0.6103896103896104,0.5444444444444444,0.58125,0.5641025641025641,0.5765765765765766,0.5238095238095238
COP,0.6101694915254238,0.503030303030303,0.6296296296296297,0.5373134328358209,0.652542372881356,0.5
EFX,0.6099290780141844,0.5384615384615384,0.634703196347032,0.47368421052631576,0.6941176470588235,0.4444444444444444
MCHP,0.6098654708520179,0.5131578947368421,0.59375,0.46551724137931033,0.5929203539823009,0.3333333333333333
PCAR,0.6090909090909091,0.5866666666666667,0.6025641025641025,0.5714285714285714,0.5818181818181818,0.5238095238095238
EXPD,0.6081632653061224,0.5180722891566265,0.6089385474860335,0.5294117647058824,0.6384615384615384,0.52
MTB,0.6077586206896551,0.5572916666666666,0.6086956521739131,0.5913978494623656,0.5666666666666667,0.5675675675675675
KEY,0.6071428571428571,0.5363128491620112,0.6577540106951871,0.5584415584415584,0.7014925373134329,0.5833333333333334
GOOG,0.6062992125984252,0.5549132947976878,0.5925925925925926,0.5205479452054794,0.5602836879432624,0.39285714285714285
LOW,0.6062992125984252,0.4690721649484536,0.5752688172043011,0.39325842696629215,0.5661764705882353,0.2413793103448276
EXPE,0.6049382716049383,0.5988700564971752,0.6277777777777778,0.5903614457831325,0.6370370370370371,0.5714285714285714
STX,0.6046511627906976,0.5722543352601156,0.6190476190476191,0.6455696202531646,0.6203703703703703,0.6923076923076923
TMUS,0.6018957345971564,0.5185185185185185,0.6,0.5151515151515151,0.5934065934065934,0.6
EXC,0.6018099547511312,0.6,0.58,0.5625,0.5673076923076923,0.6666666666666666
PAYX,0.6017699115044248,0.6035502958579881,0.6,0.64,0.6307692307692307,0.6666666666666666
O,0.6,0.5,0.5642857142857143,0.391304347826087,0.5368421052631579,0.4166666666666667
ITW,0.6,0.550561797752809,0.5738636363636364,0.4810126582278481,0.5648854961832062,0.4827586206896552
LKQ,0.6,0.5099337748344371,0.6021505376344086,0.49122807017543857,0.5874125874125874,0.2777777777777778
IT,0.5992217898832685,0.6703910614525139,0.6243654822335025,0.7303370786516854,0.6601307189542484,0.6511627906976745
AVGO,0.5991902834008097,0.5875706214689266,0.5895953757225434,0.5333333333333333,0.576271186440678,0.391304347826087
LRCX,0.5983606557377049,0.5752688172043011,0.5964912280701754,0.5487804878048781,0.5952380952380952,0.5517241379310345
DUK,0.5981308411214953,0.6440677966101694,0.6197183098591549,0.6891891891891891,0.6237623762376238,0.7
T,0.5980392156862745,0.5344827586206896,0.5833333333333334,0.4794520547945205,0.5686274509803921,0.2
MOS,0.597457627118644,0.5586592178770949,0.5852272727272727,0.5974025974025974,0.5511811023622047,0.7241379310344828
BAC,0.5972222222222222,0.5476190476190477,0.6037735849056604,0.5606060606060606,0.5950413223140496,0.625
BBY,0.5967741935483871,0.632183908045977,0.6162162162162163,0.5714285714285714,0.6028368794326241,0.5185185185185185
MXIM,0.5960591133004927,0.5919540229885057,0.5895522388059702,0.5657894736842105,0.5730337078651685,0.4166666666666667
AIZ,0.5954198473282443,0.5307262569832403,0.5771144278606966,0.4358974358974359,0.5714285714285714,0.391304347826087
WELL,0.5947136563876652,0.5513513513513514,0.6073619631901841,0.5487804878048781,0.5964912280701754,0.5517241379310345
TRV,0.5946969696969697,0.5027322404371585,0.5803108808290155,0.4268292682926829,0.5734265734265734,0.21428571428571427
D,0.594017094017094,0.5895953757225434,0.5689655172413793,0.6486486486486487,0.5801526717557252,0.68
PKG,0.5938697318007663,0.609271523178808,0.5958549222797928,0.7049180327868853,0.6111111111111112,0.6842105263157895
AMZN,0.59375,0.6073298429319371,0.5612903225806452,0.5591397849462365,0.47115384615384615,0.5789473684210527
CMG,0.5934959349593496,0.5808383233532934,0.5913978494623656,0.5507246376811594,0.5734265734265734,0.7368421052631579
CB,0.5934579439252337,0.5773809523809523,0.5973154362416108,0.6619718309859155,0.5779816513761468,0.6363636363636364
WAB,0.5933609958506224,0.5751295336787565,0.6171428571428571,0.5280898876404494,0.6090225563909775,0.6129032258064516
NTRS,0.5932203389830508,0.5297619047619048,0.5705882352941176,0.5362318840579711,0.5573770491803278,0.65
HBAN,0.5932203389830508,0.5056179775280899,0.5988700564971752,0.5256410256410257,0.5826771653543307,0.4782608695652174
HES,0.5925925925925926,0.5868263473053892,0.5754189944134078,0.582089552238806,0.5373134328358209,0.42105263157894735
ADI,0.5924170616113744,0.5909090909090909,0.5611510791366906,0.6231884057971014,0.5113636363636364,0.7647058823529411
EVRG,0.5919282511210763,0.5506329113924051,0.5617283950617284,0.46875,0.5423728813559322,0.32
MU,0.5919117647058824,0.525974025974026,0.6161137440758294,0.5161290322580645,0.6585365853658537,0.6111111111111112
EIX,0.5914396887159533,0.6627218934911243,0.6075268817204301,0.6716417910447762,0.6323529411764706,0.6875
HAS,0.5912698412698413,0.5663265306122449,0.5760869565217391,0.6,0.5851851851851851,0.6363636363636364
CNC,0.5903083700440529,0.6480446927374302,0.5426829268292683,0.6463414634146342,0.5284552845528455,0.72
QCOM,0.5892857142857143,0.5699481865284974,0.6009389671361502,0.5742574257425742,0.6265822784810127,0.5833333333333334
FLIR,0.5892116182572614,0.4444444444444444,0.5611111111111111,0.42105263157894735,0.5735294117647058,0.4666666666666667
PRU,0.5887445887445888,0.44086021505376344,0.6380368098159509,0.38636363636363635,0.6875,0.3783783783783784
LVS,0.5887096774193549,0.5243243243243243,0.6033519553072626,0.5121951219512195,0.6015625,0.40625
UAL,0.588495575221239,0.5698924731182796,0.5816993464052288,0.6111111111111112,0.5742574257425742,0.6
IFF,0.5884615384615385,0.48823529411764705,0.5767195767195767,0.4935064935064935,0.5703703703703704,0.5416666666666666
OMC,0.5879629629629629,0.5512820512820513,0.6133333333333333,0.5,0.6355140186915887,0.5384615384615384
DRI,0.5877551020408164,0.554945054945055,0.5988700564971752,0.475,0.5954198473282443,0.39285714285714285
KSS,0.5871559633027523,0.5704697986577181,0.6118421052631579,0.5161290322580645,0.6194690265486725,0.4074074074074074
CSX,0.5867158671586716,0.558282208588957,0.5774647887323944,0.6060606060606061,0.5688622754491018,0.75
COO,0.5863636363636363,0.632768361581921,0.5620915032679739,0.7014925373134329,0.5700934579439252,0.8333333333333334
JBHT,0.5860655737704918,0.5408805031446541,0.6129032258064516,0.4918032786885246,0.6204379562043796,0.2727272727272727
TPR,0.5853658536585366,0.5533333333333333,0.5752688172043011,0.5510204081632653,0.5755395683453237,0.5833333333333334
SBUX,0.5849802371541502,0.5980392156862745,0.572972972972973,0.6138613861386139,0.5441176470588235,0.6129032258064516
CMI,0.5847457627118644,0.6257668711656442,0.5739644970414202,0.5555555555555556,0.525,0.6363636363636364
PG,0.5845410628019324,0.6751592356687898,0.583941605839416,0.8392857142857143,0.5274725274725275,0.9375
WY,0.584070796460177,0.4879518072289157,0.6,0.5211267605633803,0.626984126984127,0.5789473684210527
IPGP,0.584070796460177,0.6065573770491803,0.5680473372781065,0.6235294117647059,0.5826771653543307,0.5769230769230769
IBM,0.5817490494296578,0.4484848484848485,0.6135265700483091,0.417910447761194,0.6204819277108434,0.21052631578947367
BXP,0.5814977973568282,0.4864864864864865,0.6129032258064516,0.5476190476190477,0.6568627450980392,0.6666666666666666
DXC,0.5811320754716981,0.5177664974619289,0.5778894472361809,0.5,0.5666666666666667,0.4772727272727273
CTSH,0.5805084745762712,0.5141242937853108,0.6065573770491803,0.5064935064935064,0.6277372262773723,0.6363636363636364
HRL,0.5796460176991151,0.5316455696202531,0.573170731707317,0.4838709677419355,0.6120689655172413,0.47368421052631576
AMP,0.5785714285714286,0.5132275132275133,0.6018957345971564,0.4659090909090909,0.6335403726708074,0.5
PVH,0.5783132530120482,0.5277777777777778,0.5497382198952879,0.575,0.541095890410959,0.6774193548387096
UNP,0.5782608695652174,0.5783783783783784,0.573170731707317,0.5833333333333334,0.6228070175438597,0.5714285714285714
HOLX,0.5775862068965517,0.554945054945055,0.5822784810126582,0.5925925925925926,0.5625,0.6666666666666666
HPQ,0.5769230769230769,0.512987012987013,0.5617977528089888,0.4482758620689655,0.5434782608695652,0.26666666666666666
MDT,0.5753968253968254,0.610738255033557,0.5513513513513514,0.6481481481481481,0.5116279069767442,0.8181818181818182
KR,0.575,0.5852272727272727,0.5777777777777777,0.5783132530120482,0.5597014925373134,0.45161290322580644
HST,0.574468085106383,0.5490196078431373,0.553072625698324,0.5272727272727272,0.5481481481481482,0.5714285714285714
ATVI,0.5741626794258373,0.6023391812865497,0.5850340136054422,0.6176470588235294,0.5643564356435643,0.631578947368421
CPB,0.573170731707317,0.42592592592592593,0.6187845303867403,0.4461538461538462,0.6285714285714286,0.29411764705882354
VMC,0.5714285714285714,0.54,0.5142857142857142,0.5666666666666667,0.45918367346938777,0.55
MMM,0.5714285714285714,0.5084745762711864,0.5333333333333333,0.4583333333333333,0.5238095238095238,0.30434782608695654
URI,0.5708812260536399,0.48663101604278075,0.6130653266331658,0.4634146341463415,0.6690140845070423,0.52
MAS,0.5707762557077626,0.5117647058823529,0.5609756097560976,0.5394736842105263,0.5887096774193549,0.5517241379310345
EA,0.5702127659574469,0.5095541401273885,0.5868263473053892,0.4666666666666667,0.6229508196721312,0.42857142857142855
HSY,0.5676855895196506,0.6432748538011696,0.5714285714285714,0.7121212121212122,0.6,0.7391304347826086
XLNX,0.5674418604651162,0.5813953488372093,0.5822784810126582,0.6133333333333333,0.5882352941176471,0.7391304347826086
AMAT,0.5670995670995671,0.5392670157068062,0.5662650602409639,0.5445544554455446,0.575,0.5609756097560976
AIG,0.5665236051502146,0.4880952380952381,0.593939393939394,0.5074626865671642,0.6153846153846154,0.5
NEM,0.5650224215246636,0.5766871165644172,0.5723270440251572,0.6029411764705882,0.5652173913043478,0.7647058823529411
AVB,0.5646551724137931,0.5660377358490566,0.5714285714285714,0.48333333333333334,0.5773195876288659,0.4
TSN,0.5629370629370629,0.6091954022988506,0.5530973451327433,0.6190476190476191,0.5423728813559322,0.5555555555555556
DLTR,0.5622489959839357,0.57,0.546875,0.6,0.5490196078431373,0.673469387755102
STT,0.5606060606060606,0.4845360824742268,0.5728155339805825,0.5164835164835165,0.5660377358490566,0.5454545454545454
CVS,0.5601851851851852,0.43333333333333335,0.5422535211267606,0.38271604938271603,0.5157894736842106,0.34615384615384615
NSC,0.56,0.6086956521739131,0.5661375661375662,0.6,0.5782312925170068,0.6296296296296297
BMY,0.56,0.5029239766081871,0.5612903225806452,0.4393939393939394,0.5673076923076923,0.5263157894736842
PNR,0.5560538116591929,0.5824175824175825,0.6066666666666667,0.6233766233766234,0.6285714285714286,0.52
KMX,0.5560165975103735,0.5228758169934641,0.5142857142857142,0.5967741935483871,0.4846153846153846,0.7894736842105263
REG,0.5555555555555556,0.46794871794871795,0.5843373493975904,0.38596491228070173,0.5982905982905983,0.42857142857142855
DVN,0.5551181102362205,0.4691358024691358,0.5786802030456852,0.4383561643835616,0.6174496644295302,0.55
F,0.5542168674698795,0.47953216374269003,0.5797872340425532,0.352112676056338,0.60431654676259,0.18181818181818182
CMCSA,0.5535714285714286,0.5493827160493827,0.546583850931677,0.5342465753424658,0.5309734513274337,0.46153846153846156
VLO,0.5520361990950227,0.5470588235294118,0.5766871165644172,0.44,0.576271186440678,0.38461538461538464
ZBH,0.552,0.5698324022346368,0.5751295336787565,0.6309523809523809,0.5960264900662252,0.5789473684210527
IRM,0.5507246376811594,0.6153846153846154,0.60431654676259,0.631578947368421,0.6145833333333334,0.5714285714285714
LLY,0.5506607929515418,0.6424242424242425,0.5523255813953488,0.5806451612903226,0.5461538461538461,0.6666666666666666
PPL,0.5504201680672269,0.5416666666666666,0.5384615384615384,0.5,0.512,0.4444444444444444
HSIC,0.5502183406113537,0.5460122699386503,0.5408805031446541,0.578125,0.5321100917431193,0.43478260869565216
BK,0.5478927203065134,0.46111111111111114,0.5595854922279793,0.4166666666666667,0.5594405594405595,0.37037037037037035
MET,0.5476190476190477,0.5081967213114754,0.5362318840579711,0.45121951219512196,0.5157894736842106,0.32
MRO,0.5458715596330275,0.44886363636363635,0.5238095238095238,0.4418604651162791,0.5384615384615384,0.45714285714285713
MHK,0.5446808510638298,0.5136612021857924,0.5491329479768786,0.6097560975609756,0.5230769230769231,0.8571428571428571
MNST,0.5443037974683544,0.6214689265536724,0.5340909090909091,0.6219512195121951,0.5153846153846153,0.6451612903225806
XRAY,0.5439330543933054,0.5491329479768786,0.5439560439560439,0.55,0.5434782608695652,0.5555555555555556
BA,0.543859649122807,0.5964912280701754,0.5333333333333333,0.6578947368421053,0.5132743362831859,0.7619047619047619
PEG,0.54337899543379,0.5697674418604651,0.4768211920529801,0.6164383561643836,0.44036697247706424,0.6153846153846154
LNC,0.5432098765432098,0.4827586206896552,0.559322033898305,0.4782608695652174,0.5648854961832062,0.5
NOC,0.5428571428571428,0.5903614457831325,0.5384615384615384,0.6811594202898551,0.5333333333333333,0.7727272727272727
HRB,0.5426356589147286,0.5771428571428572,0.5333333333333333,0.5949367088607594,0.5294117647058824,0.52
SNA,0.5421686746987951,0.510989010989011,0.5664739884393064,0.4673913043478261,0.5483870967741935,0.4634146341463415
DE,0.5416666666666666,0.632258064516129,0.538961038961039,0.6190476190476191,0.5925925925925926,0.42105263157894735
VIAC,0.5406698564593302,0.47770700636942676,0.5704697986577181,0.5,0.6095238095238096,0.7692307692307693
RJF,0.5396825396825397,0.5517241379310345,0.5544041450777202,0.5125,0.5714285714285714,0.5172413793103449
UPS,0.5374449339207048,0.5909090909090909,0.5443037974683544,0.5714285714285714,0.543859649122807,0.48
GD,0.536,0.52,0.4943181818181818,0.5769230769230769,0.47619047619047616,0.7
WU,0.5350877192982456,0.4968553459119497,0.5189873417721519,0.45588235294117646,0.46551724137931033,0.24
AIV,0.5339805825242718,0.52046783625731,0.5196850393700787,0.4714285714285714,0.5205479452054794,0.5
USB,0.5336134453781513,0.5393258426966292,0.553072625698324,0.55,0.556390977443609,0.56
EMR,0.5333333333333333,0.6032608695652174,0.5421686746987951,0.5897435897435898,0.5431034482758621,0.6296296296296297
EXR,0.5330188679245284,0.4888888888888889,0.4791666666666667,0.47435897435897434,0.4639175257731959,0.56
FLS,0.5321428571428571,0.5723684210526315,0.5211267605633803,0.6521739130434783,0.5030674846625767,1.0
RF,0.5311203319502075,0.4896907216494845,0.5439560439560439,0.4659090909090909,0.5441176470588235,0.5
HP,0.5289256198347108,0.5485714285714286,0.543010752688172,0.5,0.5793103448275863,0.5
CMA,0.5286885245901639,0.42021276595744683,0.5224719101123596,0.35714285714285715,0.49612403100775193,0.36363636363636365
KIM,0.5278969957081545,0.4782608695652174,0.5454545454545454,0.47191011235955055,0.5772357723577236,0.3939393939393939
XOM,0.5277777777777778,0.59375,0.5034013605442177,0.6166666666666667,0.5,0.5882352941176471
FRT,0.5277777777777778,0.5088757396449705,0.5454545454545454,0.5909090909090909,0.5675675675675675,0.5714285714285714
MAR,0.5269709543568465,0.6012658227848101,0.5222222222222223,0.65625,0.5227272727272727,0.7142857142857143
NUE,0.5265306122448979,0.45222929936305734,0.5363128491620112,0.35714285714285715,0.5396825396825397,0.4
WFC,0.5258215962441315,0.5102040816326531,0.5394736842105263,0.5294117647058824,0.5377358490566038,0.5833333333333334
MO,0.5253456221198156,0.44776119402985076,0.4934210526315789,0.3942307692307692,0.4766355140186916,0.37777777777777777
ULTA,0.525,0.5280898876404494,0.5337078651685393,0.47619047619047616,0.5220588235294118,0.3888888888888889
LB,0.5243445692883895,0.5133689839572193,0.5297029702970297,0.44,0.538961038961039,0.25925925925925924
KMB,0.5231481481481481,0.6101694915254238,0.5416666666666666,0.7402597402597403,0.5760869565217391,0.7857142857142857
CAG,0.5230769230769231,0.5952380952380952,0.5454545454545454,0.6575342465753424,0.5460526315789473,0.7916666666666666
PFG,0.5229357798165137,0.4855769230769231,0.5472972972972973,0.43137254901960786,0.5,0.45
PSX,0.5227272727272727,0.46938775510204084,0.5454545454545454,0.27586206896551724,0.5555555555555556,0.2
COF,0.5222672064777328,0.5207100591715976,0.5056179775280899,0.49230769230769234,0.5,0.38095238095238093
CSCO,0.5221674876847291,0.6023391812865497,0.5036496350364964,0.5974025974025974,0.5056179775280899,0.7142857142857143
ABMD,0.5219298245614035,0.5574712643678161,0.5217391304347826,0.5625,0.5263157894736842,0.6666666666666666
PWR,0.5219123505976095,0.5612244897959183,0.5235602094240838,0.651685393258427,0.5416666666666666,0.7272727272727273
ARNC,0.5215686274509804,0.5766871165644172,0.5051546391752577,0.6142857142857143,0.496551724137931,0.625
GILD,0.5208333333333334,0.4911242603550296,0.5497076023391813,0.46153846153846156,0.5725806451612904,0.42105263157894735
EBAY,0.52,0.5139664804469274,0.4859154929577465,0.5822784810126582,0.46534653465346537,0.6571428571428571
MLM,0.52,0.4943181818181818,0.49693251533742333,0.4931506849315068,0.46153846153846156,0.37037037037037035
CNP,0.5196850393700787,0.5987261146496815,0.5235602094240838,0.5671641791044776,0.5277777777777778,0.4444444444444444
WBA,0.51931330472103,0.4642857142857143,0.5235294117647059,0.5070422535211268,0.5426356589147286,0.6470588235294118
CHRW,0.5176991150442478,0.5681818181818182,0.5157232704402516,0.5735294117647058,0.4690265486725664,0.8235294117647058
DISCK,0.5176470588235295,0.5647668393782384,0.5053191489361702,0.6063829787234043,0.4925373134328358,0.6551724137931034
BWA,0.5172413793103449,0.42857142857142855,0.5344827586206896,0.4019607843137255,0.5112781954887218,0.34146341463414637
ZION,0.5161290322580645,0.46703296703296704,0.515625,0.5,0.5174825174825175,0.4166666666666667
CBOE,0.5159574468085106,0.5633802816901409,0.5074626865671642,0.5423728813559322,0.5,0.2857142857142857
DIS,0.515695067264574,0.577639751552795,0.5337423312883436,0.59375,0.5666666666666667,0.5714285714285714
AOS,0.515625,0.45180722891566266,0.4946808510638298,0.3972602739726027,0.4782608695652174,0.375
BIIB,0.5152838427947598,0.49206349206349204,0.49700598802395207,0.38961038961038963,0.4583333333333333,0.2857142857142857
CTL,0.5151515151515151,0.4835164835164835,0.5058823529411764,0.5411764705882353,0.4881889763779528,0.5833333333333334
PSA,0.5129310344827587,0.5222222222222223,0.5058823529411764,0.5131578947368421,0.512,0.52
FFIV,0.51171875,0.5307262569832403,0.49732620320855614,0.5853658536585366,0.47101449275362317,0.6470588235294118
PRGO,0.5115384615384615,0.5555555555555556,0.5291005291005291,0.5070422535211268,0.5460992907801419,0.5
TIF,0.5100401606425703,0.5808383233532934,0.4838709677419355,0.49122807017543857,0.45390070921985815,0.46153846153846156
ESS,0.5092592592592593,0.647887323943662,0.49264705882352944,0.6530612244897959,0.525,0.5
BEN,0.5087719298245614,0.4838709677419355,0.55,0.48333333333333334,0.5478260869565217,0.18181818181818182
CLX,0.5072463768115942,0.5460122699386503,0.5034013605442177,0.6027397260273972,0.47959183673469385,0.6296296296296297
UHS,0.5066079295154186,0.5470588235294118,0.5384615384615384,0.5142857142857142,0.5446428571428571,0.52
CCL,0.5062240663900415,0.5973154362416108,0.47398843930635837,0.6666666666666666,0.47058823529411764,0.75
DISCA,0.5059288537549407,0.5485714285714286,0.5053763440860215,0.5542168674698795,0.5072463768115942,0.56
LH,0.503968253968254,0.6084656084656085,0.4858757062146893,0.6309523809523809,0.4645669291338583,0.6428571428571429
NOV,0.503968253968254,0.48863636363636365,0.5303867403314917,0.5324675324675324,0.5572519083969466,0.6153846153846154
K,0.5024390243902439,0.5,0.48201438848920863,0.47619047619047616,0.4787234042553192,0.5
VNO,0.5022026431718062,0.4797687861271676,0.49693251533742333,0.4823529411764706,0.49166666666666664,0.4482758620689655
ADS,0.502127659574468,0.4484536082474227,0.5029940119760479,0.47058823529411764,0.48760330578512395,0.46153846153846156
AGN,0.5,0.48214285714285715,0.48936170212765956,0.5,0.4701492537313433,0.6
LEN,0.5,0.5506329113924051,0.5033557046979866,0.546875,0.5098039215686274,0.625
GIS,0.4976958525345622,0.6751592356687898,0.5100671140939598,0.8305084745762712,0.5773195876288659,0.9333333333333333
JWN,0.4930232558139535,0.5151515151515151,0.5067567567567568,0.46153846153846156,0.5,0.36363636363636365
PBCT,0.49206349206349204,0.5193370165745856,0.49732620320855614,0.5753424657534246,0.5036496350364964,0.5416666666666666
COG,0.4915254237288136,0.6111111111111112,0.48255813953488375,0.7941176470588235,0.48872180451127817,0.8620689655172413
ALB,0.49122807017543857,0.5513513513513514,0.48148148148148145,0.573170731707317,0.5042735042735043,0.5217391304347826
UAA,0.4904214559386973,0.5459183673469388,0.45685279187817257,0.5638297872340425,0.44,0.6551724137931034
SIVB,0.48872180451127817,0.4973821989528796,0.47058823529411764,0.46153846153846156,0.46405228758169936,0.47368421052631576
OXY,0.488,0.5,0.484375,0.5866666666666667,0.46405228758169936,0.75
DD,0.48695652173913045,0.47904191616766467,0.4276729559748428,0.4647887323943662,0.3669724770642202,0.29411764705882354
NBL,0.4860557768924303,0.4567901234567901,0.46596858638743455,0.463768115942029,0.4827586206896552,0.5
SLG,0.4845814977973568,0.4883720930232558,0.48148148148148145,0.5492957746478874,0.49122807017543857,0.631578947368421
EOG,0.4844961240310077,0.49696969696969695,0.4948453608247423,0.5606060606060606,0.5034965034965035,0.6190476190476191
AMCR,0.4827586206896552,0.7368421052631579,0.36363636363636365,1.0,0.3333333333333333,1.0
IP,0.48221343873517786,0.5847953216374269,0.5105263157894737,0.6125,0.5277777777777778,0.6129032258064516
HII,0.48175182481751827,0.58,0.43564356435643564,0.675,0.3888888888888889,0.5714285714285714
CVX,0.4789915966386555,0.5365853658536586,0.4943181818181818,0.45454545454545453,0.53125,0.5769230769230769
RCL,0.47619047619047616,0.5333333333333333,0.4107142857142857,0.5423728813559322,0.3813559322033898,0.4666666666666667
AAP,0.4748858447488584,0.5542168674698795,0.4662576687116564,0.5384615384615384,0.4380165289256198,0.25
PM,0.47478991596638653,0.5894736842105263,0.5056179775280899,0.6989247311827957,0.5407407407407407,0.7894736842105263
HOG,0.47435897435897434,0.5,0.4879518072289157,0.5238095238095238,0.4915254237288136,0.48484848484848486
MGM,0.4742857142857143,0.536144578313253,0.5,0.5142857142857142,0.5192307692307693,0.47058823529411764
FDX,0.47186147186147187,0.6012658227848101,0.4885057471264368,0.6290322580645161,0.5,0.47058823529411764
HBI,0.46808510638297873,0.503030303030303,0.45625,0.5964912280701754,0.4444444444444444,0.6153846153846154
ALXN,0.46613545816733065,0.46632124352331605,0.4883720930232558,0.47368421052631576,0.5175438596491229,0.4878048780487805
CERN,0.46564885496183206,0.5222222222222223,0.43315508021390375,0.55,0.41605839416058393,0.6333333333333333
LEG,0.46382978723404256,0.547486033519553,0.43529411764705883,0.6162790697674418,0.4330708661417323,0.6129032258064516
BKR,0.46122448979591835,0.49382716049382713,0.5085714285714286,0.4473684210526316,0.5916666666666667,0.3
JNPR,0.4576271186440678,0.5193370165745856,0.4576271186440678,0.5,0.4696969696969697,0.5161290322580645
WHR,0.45714285714285713,0.47878787878787876,0.4519774011299435,0.5147058823529411,0.42857142857142855,0.6923076923076923
XEC,0.45703125,0.41420118343195267,0.4461538461538462,0.41975308641975306,0.4503311258278146,0.35294117647058826
ALK,0.4567307692307692,0.6167664670658682,0.4068965517241379,0.6031746031746031,0.41346153846153844,0.65
CTXS,0.45454545454545453,0.585,0.46236559139784944,0.5813953488372093,0.4782608695652174,0.7096774193548387
CPRI,0.453125,0.5666666666666667,0.375,0.5185185185185185,0.35135135135135137,0.7142857142857143
SPG,0.45228215767634855,0.4972067039106145,0.4235294117647059,0.48,0.3870967741935484,0.36363636363636365
HFC,0.45217391304347826,0.5833333333333334,0.4774193548387097,0.5689655172413793,0.4897959183673469,0.5
WMB,0.45121951219512196,0.509090909090909,0.4368421052631579,0.5409836065573771,0.4444444444444444,0.5263157894736842
TXT,0.45089285714285715,0.5555555555555556,0.3904109589041096,0.6885245901639344,0.35714285714285715,0.7333333333333333
GPS,0.4504950495049505,0.4146341463414634,0.4744525547445255,0.47761194029850745,0.47058823529411764,0.6538461538461539
APA,0.4495798319327731,0.489010989010989,0.4411764705882353,0.5625,0.4462809917355372,0.5
MCK,0.44921875,0.53125,0.44808743169398907,0.5747126436781609,0.42105263157894735,0.6333333333333333
LUV,0.4432234432234432,0.5031847133757962,0.424390243902439,0.5151515151515151,0.4342105263157895,0.5833333333333334
CXO,0.4426229508196721,0.49375,0.45555555555555555,0.47619047619047616,0.4573643410852713,0.5
IVZ,0.44206008583690987,0.4782608695652174,0.4406779661016949,0.4777777777777778,0.43283582089552236,0.38461538461538464
REGN,0.4406779661016949,0.6065573770491803,0.41040462427745666,0.6463414634146342,0.359375,0.6551724137931034
AAL,0.43205574912891986,0.54,0.4063926940639269,0.5604395604395604,0.38650306748466257,0.5357142857142857
NLSN,0.43037974683544306,0.5609756097560976,0.44761904761904764,0.5576923076923077,0.47761194029850745,0.65
GE,0.430327868852459,0.3567251461988304,0.43575418994413406,0.3181818181818182,0.44029850746268656,0.14285714285714285
MYL,0.42616033755274263,0.5268817204301075,0.44508670520231214,0.6477272727272727,0.46153846153846156,0.7435897435897436
SEE,0.4253731343283582,0.5988023952095808,0.4120603015075377,0.6666666666666666,0.3673469387755102,0.6363636363636364
UNM,0.4200743494423792,0.425414364640884,0.40865384615384615,0.3611111111111111,0.4012738853503185,0.5
WDC,0.4092664092664093,0.4591194968553459,0.39195979899497485,0.5,0.37012987012987014,0.7
M,0.40707964601769914,0.5394736842105263,0.42138364779874216,0.6,0.4774774774774775,0.7777777777777778
DVA,0.403921568627451,0.4943181818181818,0.41847826086956524,0.43661971830985913,0.4573643410852713,0.3181818181818182
SCHW,0.3983402489626556,0.536723163841808,0.3930635838150289,0.5131578947368421,0.375,0.47619047619047616
ABC,0.3981042654028436,0.5197368421052632,0.3673469387755102,0.5625,0.34,0.6666666666666666
GM,0.38857142857142857,0.45,0.3953488372093023,0.5192307692307693,0.4065934065934066,0.6923076923076923
FCX,0.38396624472573837,0.5562913907284768,0.3430232558139535,0.6140350877192983,0.2786885245901639,0.6111111111111112
SJM,0.38317757009345793,0.5154639175257731,0.3877551020408163,0.5333333333333333,0.37383177570093457,0.5357142857142857
TAP,0.37209302325581395,0.48205128205128206,0.3469387755102041,0.5058823529411764,0.31958762886597936,0.5666666666666667
PXD,0.3682008368200837,0.4388888888888889,0.35502958579881655,0.4675324675324675,0.3474576271186441,0.6
DISH,0.36574074074074076,0.42134831460674155,0.36486486486486486,0.41025641025641024,0.3557692307692308,0.38461538461538464
HAL,0.3548387096774194,0.4148936170212766,0.33152173913043476,0.36046511627906974,0.3283582089552239,0.2413793103448276
INCY,0.3516949152542373,0.5187165775401069,0.3522012578616352,0.5119047619047619,0.37142857142857144,0.39285714285714285
SLB,0.3514644351464435,0.48066298342541436,0.3611111111111111,0.41975308641975306,0.3923076923076923,0.36
CAH,0.3426294820717131,0.4397905759162304,0.3541666666666667,0.42045454545454547,0.36879432624113473,0.3333333333333333
FTI,0.3402061855670103,0.41954022988505746,0.3671875,0.43037974683544306,0.41333333333333333,0.3333333333333333
MPC,0.3217391304347826,0.5974025974025974,0.3333333333333333,0.7647058823529411,0.3508771929824561,0.8333333333333334
NWL,0.3188976377952756,0.4972677595628415,0.29743589743589743,0.5256410256410257,0.2847682119205298,0.48148148148148145
KEYS,0.0,0.0,0.0,0.0,0.0,0.0
IQV,0.0,0.0,0.0,0.0,0.0,0.0
ABBV,0.0,0.0,0.0,0.0,0.0,0.0
INFO,0.0,0.0,0.0,0.0,0.0,0.0
NCLH,0.0,0.0,0.0,0.0,0.0,0.0
KHC,0.0,0.0,0.0,0.0,0.0,0.0
NWSA,0.0,0.0,0.0,0.0,0.0,0.0
LW,0.0,0.0,0.0,0.0,0.0,0.0
ALLE,0.0,0.0,0.0,0.0,0.0,0.0
NWS,0.0,0.0,0.0,0.0,0.0,0.0
HLT,0.0,0.0,0.0,0.0,0.0,0.0
HPE,0.0,0.0,0.0,0.0,0.0,0.0
WRK,0.0,0.0,0.0,0.0,0.0,0.0
NLOK,0.0,0.0,0.0,0.0,0.0,0.0
BF.B,0.0,0.0,0.0,0.0,0.0,0.0
FOX,0.0,0.0,0.0,0.0,0.0,0.0
PYPL,0.0,0.0,0.0,0.0,0.0,0.0
BRK.B,0.0,0.0,0.0,0.0,0.0,0.0
FOXA,0.0,0.0,0.0,0.0,0.0,0.0
FTV,0.0,0.0,0.0,0.0,0.0,0.0
QRVO,0.0,0.0,0.0,0.0,0.0,0.0
DOW,0.0,0.0,0.0,0.0,0.0,0.0
FANG,0.0,1.0,0.0,0.0,0.0,0.0
COTY,0.0,0.0,0.0,0.0,0.0,0.0
CTVA,0.0,0.0,0.0,0.0,0.0,0.0
SYF,0.0,0.0,0.0,0.0,0.0,0.0
CFG,0.0,0.0,0.0,0.0,0.0,0.0
CDW,0.0,0.0,0.0,0.0,0.0,0.0
ANET,0.0,0.0,0.0,0.0,0.0,0.0
TWTR,0.0,0.0,0.0,0.0,0.0,0.0
UA,0.0,0.0,0.0,0.0,0.0,0.0
ZTS,0.0,0.0,0.0,0.0,0.0,0.0
